Name,Title,Tags,Info_Attack,Info_Defense,Info_Magic,Info_Difficulty,Blurb,Image_Full,Image_Sprite,Key,ID
Aatrox,the Darkin Blade,Fighter,8,4,3,4,"Once honored defenders of Shurima against the Void, Aatrox and his brethren would eventually become an even greater threat to Runeterra, and were defeated only by cunning mortal sorcery. But after centuries of imprisonment, Aatrox was the first to find...",https://ddragon.leagueoflegends.com/cdn/15.13.1/img/champion/Aatrox.png,https://ddragon.leagueoflegends.com/cdn/15.13.1/img/sprite/champion0.png,266,Aatrox
Ahri,the Nine-Tailed Fox,"Mage, Assassin",3,4,8,5,"Innately connected to the magic of the spirit realm, Ahri is a fox-like vastaya who can manipulate her prey's emotions and consume their essence—receiving flashes of their memory and insight from each soul she consumes. Once a powerful yet wayward...",https://ddragon.leagueoflegends.com/cdn/15.13.1/img/champion/Ahri.png,https://ddragon.leagueoflegends.com/cdn/15.13.1/img/sprite/champion0.png,103,Ahri
Akali,the Rogue Assassin,Assassin,5,3,8,7,"Abandoning the Kinkou Order and her title of the Fist of Shadow, Akali now strikes alone, ready to be the deadly weapon her people need. Though she holds onto all she learned from her master Shen, she has pledged to defend Ionia from its enemies, one...",https://ddragon.leagueoflegends.com/cdn/15.13.1/img/champion/Akali.png,https://ddragon.leagueoflegends.com/cdn/15.13.1/img/sprite/champion0.png,84,Akali
Akshan,the Rogue Sentinel,"Marksman, Assassin",0,0,0,0,"Raising an eyebrow in the face of danger, Akshan fights evil with dashing charisma, righteous vengeance, and a conspicuous lack of shirts. He is highly skilled in the art of stealth combat, able to evade the eyes of his enemies and reappear when they...",https://ddragon.leagueoflegends.com/cdn/15.13.1/img/champion/Akshan.png,https://ddragon.leagueoflegends.com/cdn/15.13.1/img/sprite/champion0.png,166,Akshan
Alistar,the Minotaur,"Tank, Support",6,9,5,7,"Always a mighty warrior with a fearsome reputation, Alistar seeks revenge for the death of his clan at the hands of the Noxian empire. Though he was enslaved and forced into the life of a gladiator, his unbreakable will was what kept him from truly...",https://ddragon.leagueoflegends.com/cdn/15.13.1/img/champion/Alistar.png,https://ddragon.leagueoflegends.com/cdn/15.13.1/img/sprite/champion0.png,12,Alistar
Ambessa,Matriarch of War,"Fighter, Assassin",9,2,0,10,"All who know the name Medarda respect and fear the family's leader, Ambessa. As a Noxian general, she embodies a deadly combination of ruthless strength and fearless resolve in battle. Her role as matriarch is no different, requiring great cunning to...",https://ddragon.leagueoflegends.com/cdn/15.13.1/img/champion/Ambessa.png,https://ddragon.leagueoflegends.com/cdn/15.13.1/img/sprite/champion0.png,799,Ambessa
Amumu,the Sad Mummy,"Tank, Support",2,6,8,3,"Legend claims that Amumu is a lonely and melancholy soul from ancient Shurima, roaming the world in search of a friend. Doomed by an ancient curse to remain alone forever, his touch is death, his affection ruin. Those who claim to have seen him describe...",https://ddragon.leagueoflegends.com/cdn/15.13.1/img/champion/Amumu.png,https://ddragon.leagueoflegends.com/cdn/15.13.1/img/sprite/champion0.png,32,Amumu
Anivia,the Cryophoenix,Mage,1,4,10,10,"Anivia is a benevolent winged spirit who endures endless cycles of life, death, and rebirth to protect the Freljord. A demigod born of unforgiving ice and bitter winds, she wields those elemental powers to thwart any who dare disturb her homeland...",https://ddragon.leagueoflegends.com/cdn/15.13.1/img/champion/Anivia.png,https://ddragon.leagueoflegends.com/cdn/15.13.1/img/sprite/champion0.png,34,Anivia
Annie,the Dark Child,"Mage, Support",2,3,10,6,"Dangerous, yet disarmingly precocious, Annie is a child mage with immense pyromantic power. Even in the shadows of the mountains north of Noxus, she is a magical outlier. Her natural affinity for fire manifested early in life through unpredictable...",https://ddragon.leagueoflegends.com/cdn/15.13.1/img/champion/Annie.png,https://ddragon.leagueoflegends.com/cdn/15.13.1/img/sprite/champion0.png,1,Annie
Aphelios,the Weapon of the Faithful,Marksman,6,2,1,10,"Emerging from moonlight's shadow with weapons drawn, Aphelios kills the enemies of his faith in brooding silence—speaking only through the certainty of his aim, and the firing of each gun. Though fueled by a poison that renders him mute, he is guided by...",https://ddragon.leagueoflegends.com/cdn/15.13.1/img/champion/Aphelios.png,https://ddragon.leagueoflegends.com/cdn/15.13.1/img/sprite/champion0.png,523,Aphelios
Ashe,the Frost Archer,"Marksman, Support",7,3,2,4,"Iceborn warmother of the Avarosan tribe, Ashe commands the most populous horde in the north. Stoic, intelligent, and idealistic, yet uncomfortable with her role as leader, she taps into the ancestral magics of her lineage to wield a bow of True Ice...",https://ddragon.leagueoflegends.com/cdn/15.13.1/img/champion/Ashe.png,https://ddragon.leagueoflegends.com/cdn/15.13.1/img/sprite/champion0.png,22,Ashe
Aurelion Sol,The Star Forger,Mage,2,3,8,7,"Aurelion Sol once graced the vast emptiness of the cosmos with celestial wonders of his own devising. Now, he is forced to wield his awesome power at the behest of a space-faring empire that tricked him into servitude. Desiring a return to his...",https://ddragon.leagueoflegends.com/cdn/15.13.1/img/champion/AurelionSol.png,https://ddragon.leagueoflegends.com/cdn/15.13.1/img/sprite/champion0.png,136,AurelionSol
Aurora,the Witch Between Worlds,"Mage, Assassin",3,4,8,5,"From the moment she was born, Aurora navigated life with a unique ability to move between the spirit and material realms. Determined to learn more about the spirit realm's inhabitants, she left her home to further her research and happened upon a...",https://ddragon.leagueoflegends.com/cdn/15.13.1/img/champion/Aurora.png,https://ddragon.leagueoflegends.com/cdn/15.13.1/img/sprite/champion0.png,893,Aurora
Azir,the Emperor of the Sands,"Mage, Marksman",6,3,8,9,"Azir was a mortal emperor of Shurima in a far distant age, a proud man who stood at the cusp of immortality. His hubris saw him betrayed and murdered at the moment of his greatest triumph, but now, millennia later, he has been reborn as an Ascended...",https://ddragon.leagueoflegends.com/cdn/15.13.1/img/champion/Azir.png,https://ddragon.leagueoflegends.com/cdn/15.13.1/img/sprite/champion0.png,268,Azir
Bard,the Wandering Caretaker,"Support, Mage",4,4,5,9,"A traveler from beyond the stars, Bard is an agent of serendipity who fights to maintain a balance where life can endure the indifference of chaos. Many Runeterrans sing songs that ponder his extraordinary nature, yet they all agree that the cosmic...",https://ddragon.leagueoflegends.com/cdn/15.13.1/img/champion/Bard.png,https://ddragon.leagueoflegends.com/cdn/15.13.1/img/sprite/champion0.png,432,Bard
Bel'Veth,the Empress of the Void,Fighter,4,2,7,10,"A nightmarish empress created from the raw material of an entire devoured city, Bel'Veth is the end of Runeterra itself... and the beginning of a monstrous reality of her own design. Driven by epochs of repurposed history, knowledge, and memories from...",https://ddragon.leagueoflegends.com/cdn/15.13.1/img/champion/Belveth.png,https://ddragon.leagueoflegends.com/cdn/15.13.1/img/sprite/champion0.png,200,Belveth
Blitzcrank,the Great Steam Golem,"Tank, Support",4,8,5,4,"Blitzcrank is an enormous, near-indestructible automaton from Zaun, originally built to dispose of hazardous waste. However, he found this primary purpose too restricting, and modified his own form to better serve the fragile people of the Sump...",https://ddragon.leagueoflegends.com/cdn/15.13.1/img/champion/Blitzcrank.png,https://ddragon.leagueoflegends.com/cdn/15.13.1/img/sprite/champion0.png,53,Blitzcrank
Brand,the Burning Vengeance,"Mage, Support",2,2,9,4,"Once a tribesman of the icy Freljord named Kegan Rodhe, the creature known as Brand is a lesson in the temptation of greater power. Seeking one of the legendary World Runes, Kegan betrayed his companions and seized it for himself—and, in an instant, the...",https://ddragon.leagueoflegends.com/cdn/15.13.1/img/champion/Brand.png,https://ddragon.leagueoflegends.com/cdn/15.13.1/img/sprite/champion0.png,63,Brand
Braum,the Heart of the Freljord,"Tank, Support",3,9,4,3,"Blessed with massive biceps and an even bigger heart, Braum is a beloved hero of the Freljord. Every mead hall north of Frostheld toasts his legendary strength, said to have felled a forest of oaks in a single night, and punched an entire mountain into...",https://ddragon.leagueoflegends.com/cdn/15.13.1/img/champion/Braum.png,https://ddragon.leagueoflegends.com/cdn/15.13.1/img/sprite/champion0.png,201,Braum
Briar,the Restrained Hunger,"Fighter, Assassin",9,5,3,3,"A failed experiment by the Black Rose, Briar's uncontrollable bloodlust required a special pillory to focus her frenzied mind. After years of confinement, this living weapon broke free from her restraints and unleashed herself into the world. Now she's...",https://ddragon.leagueoflegends.com/cdn/15.13.1/img/champion/Briar.png,https://ddragon.leagueoflegends.com/cdn/15.13.1/img/sprite/champion0.png,233,Briar
Caitlyn,the Sheriff of Piltover,Marksman,8,2,2,6,"Renowned as its finest peacekeeper, Caitlyn Kiramman is also Piltover's best shot at ridding the city of its elusive criminal elements. She is often paired with Vi, acting as a cool counterpoint to her partner's more impetuous nature. Even though she...",https://ddragon.leagueoflegends.com/cdn/15.13.1/img/champion/Caitlyn.png,https://ddragon.leagueoflegends.com/cdn/15.13.1/img/sprite/champion0.png,51,Caitlyn
Camille,the Steel Shadow,"Fighter, Assassin",8,6,3,4,"Weaponized to operate outside the boundaries of the law, Camille is the Principal Intelligencer of Clan Ferros—an elegant and elite agent who ensures the Piltover machine and its Zaunite underbelly runs smoothly. Adaptable and precise, she views sloppy...",https://ddragon.leagueoflegends.com/cdn/15.13.1/img/champion/Camille.png,https://ddragon.leagueoflegends.com/cdn/15.13.1/img/sprite/champion0.png,164,Camille
Cassiopeia,the Serpent's Embrace,Mage,2,3,9,10,"Cassiopeia is a deadly creature bent on manipulating others to her sinister will. Youngest and most beautiful daughter of the noble Du Couteau family of Noxus, she ventured deep into the crypts beneath Shurima in search of ancient power. There, she was...",https://ddragon.leagueoflegends.com/cdn/15.13.1/img/champion/Cassiopeia.png,https://ddragon.leagueoflegends.com/cdn/15.13.1/img/sprite/champion0.png,69,Cassiopeia
Cho'Gath,the Terror of the Void,"Tank, Mage",3,7,7,5,"From the moment Cho'Gath first emerged into the harsh light of Runeterra's sun, the beast was driven by the most pure and insatiable hunger. A perfect expression of the Void's desire to consume all life, Cho'Gath's complex biology quickly converts...",https://ddragon.leagueoflegends.com/cdn/15.13.1/img/champion/Chogath.png,https://ddragon.leagueoflegends.com/cdn/15.13.1/img/sprite/champion0.png,31,Chogath
Corki,the Daring Bombardier,"Marksman, Mage",8,3,6,6,"The yordle pilot Corki loves two things above all others: flying, and his glamorous mustache... though not necessarily in that order. After leaving Bandle City, he settled in Piltover and fell in love with the wondrous machines he found there. He...",https://ddragon.leagueoflegends.com/cdn/15.13.1/img/champion/Corki.png,https://ddragon.leagueoflegends.com/cdn/15.13.1/img/sprite/champion0.png,42,Corki
Darius,the Hand of Noxus,"Fighter, Tank",9,5,1,2,"There is no greater symbol of Noxian might than Darius, the nation's most feared and battle-hardened commander. Rising from humble origins to become the Hand of Noxus, he cleaves through the empire's enemies—many of them Noxians themselves. Knowing that...",https://ddragon.leagueoflegends.com/cdn/15.13.1/img/champion/Darius.png,https://ddragon.leagueoflegends.com/cdn/15.13.1/img/sprite/champion0.png,122,Darius
Diana,Scorn of the Moon,"Fighter, Assassin",7,6,8,4,"Bearing her crescent moonblade, Diana fights as a warrior of the Lunari—a faith all but quashed in the lands around Mount Targon. Clad in shimmering armor the color of winter snow at night, she is a living embodiment of the silver moon's power. Imbued...",https://ddragon.leagueoflegends.com/cdn/15.13.1/img/champion/Diana.png,https://ddragon.leagueoflegends.com/cdn/15.13.1/img/sprite/champion0.png,131,Diana
Dr. Mundo,the Madman of Zaun,"Tank, Fighter",5,7,6,5,"Utterly mad, tragically homicidal, and horrifyingly purple, Dr. Mundo is what keeps many of Zaun's citizens indoors on particularly dark nights. Now a self-proclaimed physician, he was once a patient of Zaun's most infamous asylum. After ""curing"" the...",https://ddragon.leagueoflegends.com/cdn/15.13.1/img/champion/DrMundo.png,https://ddragon.leagueoflegends.com/cdn/15.13.1/img/sprite/champion0.png,36,DrMundo
Draven,the Glorious Executioner,Marksman,9,3,1,8,"In Noxus, warriors known as Reckoners face one another in arenas where blood is spilled and strength tested—but none has ever been as celebrated as Draven. A former soldier, he found that the crowds uniquely appreciated his flair for the dramatic, and...",https://ddragon.leagueoflegends.com/cdn/15.13.1/img/champion/Draven.png,https://ddragon.leagueoflegends.com/cdn/15.13.1/img/sprite/champion0.png,119,Draven
Ekko,the Boy Who Shattered Time,"Assassin, Mage",5,3,7,8,"A prodigy from the rough streets of Zaun, Ekko is able to manipulate time to twist any situation to his advantage. He uses his own invention, the Z-Drive, to explore the branching possibilities of reality, crafting the perfect moment to seemingly...",https://ddragon.leagueoflegends.com/cdn/15.13.1/img/champion/Ekko.png,https://ddragon.leagueoflegends.com/cdn/15.13.1/img/sprite/champion0.png,245,Ekko
Elise,the Spider Queen,"Assassin, Mage",6,5,7,9,"Elise is a deadly predator who dwells in a shuttered, lightless palace, deep within the oldest city of Noxus. Once mortal, she was the mistress of a powerful house, but the bite of a vile demigod transformed her into something beautiful, yet utterly...",https://ddragon.leagueoflegends.com/cdn/15.13.1/img/champion/Elise.png,https://ddragon.leagueoflegends.com/cdn/15.13.1/img/sprite/champion1.png,60,Elise
Evelynn,Agony's Embrace,"Assassin, Mage",4,2,7,10,"Within the dark seams of Runeterra, the demon Evelynn searches for her next victim. She lures in prey with the voluptuous façade of a human female, but once a person succumbs to her charms, Evelynn's true form is unleashed. She then subjects her victim...",https://ddragon.leagueoflegends.com/cdn/15.13.1/img/champion/Evelynn.png,https://ddragon.leagueoflegends.com/cdn/15.13.1/img/sprite/champion1.png,28,Evelynn
Ezreal,the Prodigal Explorer,"Marksman, Mage",7,2,6,7,"A dashing adventurer, unknowingly gifted in the magical arts, Ezreal raids long-lost catacombs, tangles with ancient curses, and overcomes seemingly impossible odds with ease. His courage and bravado knowing no bounds, he prefers to improvise his way...",https://ddragon.leagueoflegends.com/cdn/15.13.1/img/champion/Ezreal.png,https://ddragon.leagueoflegends.com/cdn/15.13.1/img/sprite/champion1.png,81,Ezreal
Fiddlesticks,the Ancient Fear,"Mage, Support",2,3,9,9,"Something has awoken in Runeterra. Something ancient. Something terrible. The ageless horror known as Fiddlesticks stalks the edges of mortal society, drawn to areas thick with paranoia where it feeds upon terrorized victims. Wielding a jagged scythe...",https://ddragon.leagueoflegends.com/cdn/15.13.1/img/champion/Fiddlesticks.png,https://ddragon.leagueoflegends.com/cdn/15.13.1/img/sprite/champion1.png,9,Fiddlesticks
Fiora,the Grand Duelist,"Fighter, Assassin",10,4,2,3,"The most feared duelist in all Valoran, Fiora is as renowned for her brusque manner and cunning mind as she is for the speed of her bluesteel rapier. Born to House Laurent in the kingdom of Demacia, Fiora took control of the family from her father in...",https://ddragon.leagueoflegends.com/cdn/15.13.1/img/champion/Fiora.png,https://ddragon.leagueoflegends.com/cdn/15.13.1/img/sprite/champion1.png,114,Fiora
Fizz,the Tidal Trickster,"Assassin, Fighter",6,4,7,6,"Fizz is an amphibious yordle, who dwells among the reefs surrounding Bilgewater. He often retrieves and returns the tithes cast into the sea by superstitious captains, but even the saltiest of sailors know better than to cross him—for many are the tales...",https://ddragon.leagueoflegends.com/cdn/15.13.1/img/champion/Fizz.png,https://ddragon.leagueoflegends.com/cdn/15.13.1/img/sprite/champion1.png,105,Fizz
Galio,the Colossus,"Tank, Mage",1,10,6,5,"Outside the gleaming city of Demacia, the stone colossus Galio keeps vigilant watch. Built as a bulwark against enemy mages, he often stands motionless for decades until the presence of powerful magic stirs him to life. Once activated, Galio makes the...",https://ddragon.leagueoflegends.com/cdn/15.13.1/img/champion/Galio.png,https://ddragon.leagueoflegends.com/cdn/15.13.1/img/sprite/champion1.png,3,Galio
Gangplank,the Saltwater Scourge,Fighter,7,6,4,9,"As unpredictable as he is brutal, the dethroned reaver king Gangplank is feared far and wide. Once, he ruled the port city of Bilgewater, and while his reign is over, there are those who believe this has only made him more dangerous. Gangplank would see...",https://ddragon.leagueoflegends.com/cdn/15.13.1/img/champion/Gangplank.png,https://ddragon.leagueoflegends.com/cdn/15.13.1/img/sprite/champion1.png,41,Gangplank
Garen,The Might of Demacia,"Fighter, Tank",7,7,1,5,"A proud and noble warrior, Garen fights as one of the Dauntless Vanguard. He is popular among his fellows, and respected well enough by his enemies—not least as a scion of the prestigious Crownguard family, entrusted with defending Demacia and its...",https://ddragon.leagueoflegends.com/cdn/15.13.1/img/champion/Garen.png,https://ddragon.leagueoflegends.com/cdn/15.13.1/img/sprite/champion1.png,86,Garen
Gnar,the Missing Link,"Fighter, Tank",6,5,5,8,"Gnar is a primeval yordle whose playful antics can erupt into a toddler's outrage in an instant, transforming him into a massive beast bent on destruction. Frozen in True Ice for millennia, the curious creature broke free and now hops about a changed...",https://ddragon.leagueoflegends.com/cdn/15.13.1/img/champion/Gnar.png,https://ddragon.leagueoflegends.com/cdn/15.13.1/img/sprite/champion1.png,150,Gnar
Gragas,the Rabble Rouser,"Fighter, Mage",4,7,6,5,"Equal parts jolly and imposing, Gragas is a massive, rowdy brewmaster who's always on the lookout for new ways to raise everyone's spirits. Hailing from parts unknown, he searches for ingredients among the unblemished wastes of the Freljord to help him...",https://ddragon.leagueoflegends.com/cdn/15.13.1/img/champion/Gragas.png,https://ddragon.leagueoflegends.com/cdn/15.13.1/img/sprite/champion1.png,79,Gragas
Graves,the Outlaw,Marksman,8,5,3,3,"Malcolm Graves is a renowned mercenary, gambler, and thief—a wanted man in every city and empire he has visited. Even though he has an explosive temper, he possesses a strict sense of criminal honor, often enforced at the business end of his...",https://ddragon.leagueoflegends.com/cdn/15.13.1/img/champion/Graves.png,https://ddragon.leagueoflegends.com/cdn/15.13.1/img/sprite/champion1.png,104,Graves
Gwen,The Hallowed Seamstress,Fighter,7,4,5,5,"A former doll transformed and brought to life by magic, Gwen wields the very tools that once created her. She carries the weight of her maker's love with every step, taking nothing for granted. At her command is the Hallowed Mist, an ancient and...",https://ddragon.leagueoflegends.com/cdn/15.13.1/img/champion/Gwen.png,https://ddragon.leagueoflegends.com/cdn/15.13.1/img/sprite/champion1.png,887,Gwen
Hecarim,the Shadow of War,"Fighter, Tank",8,6,4,6,"Hecarim is a spectral fusion of man and beast, cursed to ride down the souls of the living for all eternity. When the Blessed Isles fell into shadow, this proud knight was obliterated by the destructive energies of the Ruination, along with all his...",https://ddragon.leagueoflegends.com/cdn/15.13.1/img/champion/Hecarim.png,https://ddragon.leagueoflegends.com/cdn/15.13.1/img/sprite/champion1.png,120,Hecarim
Heimerdinger,the Revered Inventor,"Mage, Support",2,6,8,8,"The eccentric Professor Cecil B. Heimerdinger is one of the most innovative and esteemed inventors the world has ever known. As the longest serving member of the Council of Piltover, he saw the best and the worst of the city's unending desire for...",https://ddragon.leagueoflegends.com/cdn/15.13.1/img/champion/Heimerdinger.png,https://ddragon.leagueoflegends.com/cdn/15.13.1/img/sprite/champion1.png,74,Heimerdinger
Hwei,the Visionary,"Mage, Support",7,1,8,9,"Hwei is a brooding painter who creates brilliant art in order to confront Ionia's criminals and comfort their victims. Beneath his melancholy roils a torn, emotional mind—haunted by both the vibrant visions of his imagination and the gruesome memories...",https://ddragon.leagueoflegends.com/cdn/15.13.1/img/champion/Hwei.png,https://ddragon.leagueoflegends.com/cdn/15.13.1/img/sprite/champion1.png,910,Hwei
Illaoi,the Kraken Priestess,"Fighter, Tank",8,6,3,4,"Illaoi's powerful physique is dwarfed only by her indomitable faith. As the prophet of the Great Kraken, she uses a huge, golden idol to rip her foes' spirits from their bodies and shatter their perception of reality. All who challenge the “Truth Bearer...",https://ddragon.leagueoflegends.com/cdn/15.13.1/img/champion/Illaoi.png,https://ddragon.leagueoflegends.com/cdn/15.13.1/img/sprite/champion1.png,420,Illaoi
Irelia,the Blade Dancer,"Fighter, Assassin",7,4,5,5,"The Noxian occupation of Ionia produced many heroes, none more unlikely than young Irelia of Navori. Trained in the ancient dances of her province, she adapted her art for war, using the graceful and carefully practised movements to levitate a host of...",https://ddragon.leagueoflegends.com/cdn/15.13.1/img/champion/Irelia.png,https://ddragon.leagueoflegends.com/cdn/15.13.1/img/sprite/champion1.png,39,Irelia
Ivern,the Green Father,"Support, Mage",3,5,7,7,"Ivern Bramblefoot, known to many as the Green Father, is a peculiar half man, half tree who roams Runeterra's forests, cultivating life everywhere he goes. He knows the secrets of the natural world, and holds deep friendships with all things that grow...",https://ddragon.leagueoflegends.com/cdn/15.13.1/img/champion/Ivern.png,https://ddragon.leagueoflegends.com/cdn/15.13.1/img/sprite/champion1.png,427,Ivern
Janna,the Storm's Fury,"Support, Mage",3,5,7,7,"Armed with the power of Runeterra's gales, Janna is a mysterious, elemental wind spirit who protects the dispossessed of Zaun. Some believe she was brought into existence by the pleas of Runeterra's sailors who prayed for fair winds as they navigated...",https://ddragon.leagueoflegends.com/cdn/15.13.1/img/champion/Janna.png,https://ddragon.leagueoflegends.com/cdn/15.13.1/img/sprite/champion1.png,40,Janna
Jarvan IV,the Exemplar of Demacia,"Fighter, Tank",6,8,3,5,"Prince Jarvan, scion of the Lightshield dynasty, is heir apparent to the throne of Demacia. Raised to be a paragon of his nation's greatest virtues, he is forced to balance the heavy expectations placed upon him with his own desire to fight on the front...",https://ddragon.leagueoflegends.com/cdn/15.13.1/img/champion/JarvanIV.png,https://ddragon.leagueoflegends.com/cdn/15.13.1/img/sprite/champion1.png,59,JarvanIV
Jax,Grandmaster at Arms,Fighter,7,5,7,5,"Unmatched in both his skill with unique armaments and his biting sarcasm, Jax is the last known weapons master of Icathia. After his homeland was laid low by its own hubris in unleashing the Void, Jax and his kind vowed to protect what little remained...",https://ddragon.leagueoflegends.com/cdn/15.13.1/img/champion/Jax.png,https://ddragon.leagueoflegends.com/cdn/15.13.1/img/sprite/champion1.png,24,Jax
Jayce,the Defender of Tomorrow,"Marksman, Fighter",8,4,3,7,"Jayce Talis is a brilliant inventor who, along with his friend Viktor, made the first great discoveries in the field of hextech. Celebrated across Piltover, he tries to live up to his reputation as ""the Man of Progress,"" but often struggles with the...",https://ddragon.leagueoflegends.com/cdn/15.13.1/img/champion/Jayce.png,https://ddragon.leagueoflegends.com/cdn/15.13.1/img/sprite/champion1.png,126,Jayce
Jhin,the Virtuoso,"Marksman, Mage",10,2,6,6,"Jhin is a meticulous criminal psychopath who believes murder is art. Once an Ionian prisoner, but freed by shadowy elements within Ionia's ruling council, the serial killer now works as their cabal's assassin. Using his gun as his paintbrush, Jhin...",https://ddragon.leagueoflegends.com/cdn/15.13.1/img/champion/Jhin.png,https://ddragon.leagueoflegends.com/cdn/15.13.1/img/sprite/champion1.png,202,Jhin
Jinx,the Loose Cannon,Marksman,9,2,4,6,"An unhinged and impulsive criminal from the undercity, Jinx is haunted by the consequences of her past—but that doesn't stop her from bringing her own chaotic brand of pandemonium to Piltover and Zaun. She uses her arsenal of DIY weapons to devastating...",https://ddragon.leagueoflegends.com/cdn/15.13.1/img/champion/Jinx.png,https://ddragon.leagueoflegends.com/cdn/15.13.1/img/sprite/champion1.png,222,Jinx
K'Sante,the Pride of Nazumah,"Tank, Fighter",8,8,7,9,"Defiant and courageous, K'Sante battles colossal beasts and ruthless Ascended to protect his home of Nazumah, a coveted oasis amid the sands of Shurima. But after a falling-out with his former partner, K'Sante realizes that in order to become a warrior...",https://ddragon.leagueoflegends.com/cdn/15.13.1/img/champion/KSante.png,https://ddragon.leagueoflegends.com/cdn/15.13.1/img/sprite/champion2.png,897,KSante
Kai'Sa,Daughter of the Void,"Marksman, Mage",8,5,3,6,"Claimed by the Void when she was only a child, Kai'Sa managed to survive through sheer tenacity and strength of will. Her experiences have made her a deadly hunter and, to some, the harbinger of a future they would rather not live to see. Having entered...",https://ddragon.leagueoflegends.com/cdn/15.13.1/img/champion/Kaisa.png,https://ddragon.leagueoflegends.com/cdn/15.13.1/img/sprite/champion1.png,145,Kaisa
Kalista,the Spear of Vengeance,Marksman,8,2,4,7,"A specter of wrath and retribution, Kalista is the undying spirit of vengeance, an armored nightmare summoned from the Shadow Isles to hunt deceivers and traitors. The betrayed may cry out in blood to be avenged, but Kalista only answers those willing...",https://ddragon.leagueoflegends.com/cdn/15.13.1/img/champion/Kalista.png,https://ddragon.leagueoflegends.com/cdn/15.13.1/img/sprite/champion1.png,429,Kalista
Karma,the Enlightened One,"Mage, Support",1,7,8,5,"No mortal exemplifies the spiritual traditions of Ionia more than Karma. She is the living embodiment of an ancient soul reincarnated countless times, carrying all her accumulated memories into each new life, and blessed with power that few can...",https://ddragon.leagueoflegends.com/cdn/15.13.1/img/champion/Karma.png,https://ddragon.leagueoflegends.com/cdn/15.13.1/img/sprite/champion1.png,43,Karma
Karthus,the Deathsinger,Mage,2,2,10,7,"The harbinger of oblivion, Karthus is an undying spirit whose haunting songs are a prelude to the horror of his nightmarish appearance. The living fear the eternity of undeath, but Karthus sees only beauty and purity in its embrace, a perfect union of...",https://ddragon.leagueoflegends.com/cdn/15.13.1/img/champion/Karthus.png,https://ddragon.leagueoflegends.com/cdn/15.13.1/img/sprite/champion1.png,30,Karthus
Kassadin,the Void Walker,"Assassin, Mage",3,5,8,8,"Cutting a burning swath through the darkest places of the world, Kassadin knows his days are numbered. A widely traveled Shuriman guide and adventurer, he had chosen to raise a family among the peaceful southern tribes—until the day his village was...",https://ddragon.leagueoflegends.com/cdn/15.13.1/img/champion/Kassadin.png,https://ddragon.leagueoflegends.com/cdn/15.13.1/img/sprite/champion1.png,38,Kassadin
Katarina,the Sinister Blade,"Assassin, Mage",4,3,9,8,"Decisive in judgment and lethal in combat, Katarina is a Noxian assassin of the highest caliber. Eldest daughter to the legendary General Du Couteau, she made her talents known with swift kills against unsuspecting enemies. Her fiery ambition has driven...",https://ddragon.leagueoflegends.com/cdn/15.13.1/img/champion/Katarina.png,https://ddragon.leagueoflegends.com/cdn/15.13.1/img/sprite/champion2.png,55,Katarina
Kayle,the Righteous,"Mage, Marksman",6,6,7,7,"Born to a Targonian Aspect at the height of the Rune Wars, Kayle honored her mother's legacy by fighting for justice on wings of divine flame. She and her twin sister Morgana were the protectors of Demacia for many years—until Kayle became disillusioned...",https://ddragon.leagueoflegends.com/cdn/15.13.1/img/champion/Kayle.png,https://ddragon.leagueoflegends.com/cdn/15.13.1/img/sprite/champion2.png,10,Kayle
Kayn,the Shadow Reaper,"Fighter, Assassin",10,6,1,8,"A peerless practitioner of lethal shadow magic, Shieda Kayn battles to achieve his true destiny—to one day lead the Order of Shadow into a new era of Ionian supremacy. He wields the sentient darkin weapon Rhaast, undeterred by its creeping corruption of...",https://ddragon.leagueoflegends.com/cdn/15.13.1/img/champion/Kayn.png,https://ddragon.leagueoflegends.com/cdn/15.13.1/img/sprite/champion2.png,141,Kayn
Kennen,the Heart of the Tempest,Mage,6,4,7,4,"More than just the lightning-quick enforcer of Ionian balance, Kennen is the only yordle member of the Kinkou. Despite his small, furry stature, he is eager to take on any threat with a whirling storm of shuriken and boundless enthusiasm. Alongside his...",https://ddragon.leagueoflegends.com/cdn/15.13.1/img/champion/Kennen.png,https://ddragon.leagueoflegends.com/cdn/15.13.1/img/sprite/champion2.png,85,Kennen
Kha'Zix,the Voidreaver,Assassin,9,4,3,6,"The Void grows, and the Void adapts—in none of its myriad spawn are these truths more apparent than Kha'Zix. Evolution drives the core of this mutating horror, born to survive and to slay the strong. Where it struggles to do so, it grows new, more...",https://ddragon.leagueoflegends.com/cdn/15.13.1/img/champion/Khazix.png,https://ddragon.leagueoflegends.com/cdn/15.13.1/img/sprite/champion2.png,121,Khazix
Kindred,The Eternal Hunters,Marksman,8,2,2,4,"Separate, but never parted, Kindred represents the twin essences of death. Lamb's bow offers a swift release from the mortal realm for those who accept their fate. Wolf hunts down those who run from their end, delivering violent finality within his...",https://ddragon.leagueoflegends.com/cdn/15.13.1/img/champion/Kindred.png,https://ddragon.leagueoflegends.com/cdn/15.13.1/img/sprite/champion2.png,203,Kindred
Kled,the Cantankerous Cavalier,Fighter,8,2,2,7,"A warrior as fearless as he is ornery, the yordle Kled embodies the furious bravado of Noxus. He is an icon beloved by the empire's soldiers, distrusted by its officers, and loathed by the nobility. Many claim Kled has fought in every campaign the...",https://ddragon.leagueoflegends.com/cdn/15.13.1/img/champion/Kled.png,https://ddragon.leagueoflegends.com/cdn/15.13.1/img/sprite/champion2.png,240,Kled
Kog'Maw,the Mouth of the Abyss,"Marksman, Mage",8,2,5,6,"Belched forth from a rotting Void incursion deep in the wastelands of Icathia, Kog'Maw is an inquisitive yet putrid creature with a caustic, gaping mouth. This particular Void-spawn needs to gnaw and drool on anything within reach to truly understand it...",https://ddragon.leagueoflegends.com/cdn/15.13.1/img/champion/KogMaw.png,https://ddragon.leagueoflegends.com/cdn/15.13.1/img/sprite/champion2.png,96,KogMaw
LeBlanc,the Deceiver,"Assassin, Mage",1,4,10,9,"Mysterious even to other members of the Black Rose cabal, LeBlanc is but one of many names for a pale woman who has manipulated people and events since the earliest days of Noxus. Using her magic to mirror herself, the sorceress can appear to anyone...",https://ddragon.leagueoflegends.com/cdn/15.13.1/img/champion/Leblanc.png,https://ddragon.leagueoflegends.com/cdn/15.13.1/img/sprite/champion2.png,7,Leblanc
Lee Sin,the Blind Monk,"Fighter, Assassin",8,5,3,6,"A master of Ionia's ancient martial arts, Lee Sin is a principled fighter who channels the essence of the dragon spirit to face any challenge. Though he lost his sight many years ago, the warrior-monk has devoted his life to protecting his homeland...",https://ddragon.leagueoflegends.com/cdn/15.13.1/img/champion/LeeSin.png,https://ddragon.leagueoflegends.com/cdn/15.13.1/img/sprite/champion2.png,64,LeeSin
Leona,the Radiant Dawn,"Tank, Support",4,8,3,4,"Imbued with the fire of the sun, Leona is a holy warrior of the Solari who defends Mount Targon with her Zenith Blade and the Shield of Daybreak. Her skin shimmers with starfire while her eyes burn with the power of the celestial Aspect within her...",https://ddragon.leagueoflegends.com/cdn/15.13.1/img/champion/Leona.png,https://ddragon.leagueoflegends.com/cdn/15.13.1/img/sprite/champion2.png,89,Leona
Lillia,the Bashful Bloom,"Fighter, Mage",0,2,10,8,"Intensely shy, the fae fawn Lillia skittishly wanders Ionia's forests. Hiding just out of sight of mortals—whose mysterious natures have long captivated, but intimidated, her—Lillia hopes to discover why their dreams no longer reach the ancient Dreaming...",https://ddragon.leagueoflegends.com/cdn/15.13.1/img/champion/Lillia.png,https://ddragon.leagueoflegends.com/cdn/15.13.1/img/sprite/champion2.png,876,Lillia
Lissandra,the Ice Witch,Mage,2,5,8,6,"Lissandra's magic twists the pure power of ice into something dark and terrible. With the force of her black ice, she does more than freeze—she impales and crushes those who oppose her. To the terrified denizens of the north, she is known only as ''The...",https://ddragon.leagueoflegends.com/cdn/15.13.1/img/champion/Lissandra.png,https://ddragon.leagueoflegends.com/cdn/15.13.1/img/sprite/champion2.png,127,Lissandra
Lucian,the Purifier,"Marksman, Assassin",8,5,3,6,"Lucian, a Sentinel of Light, is a grim hunter of wraiths and specters, pursuing them relentlessly and annihilating them with his twin relic pistols. After the specter Thresh slew his wife, Lucian embarked on the path of vengeance—but even with her...",https://ddragon.leagueoflegends.com/cdn/15.13.1/img/champion/Lucian.png,https://ddragon.leagueoflegends.com/cdn/15.13.1/img/sprite/champion2.png,236,Lucian
Lulu,the Fae Sorceress,"Support, Mage",4,5,7,5,"The yordle mage Lulu is known for conjuring dreamlike illusions and fanciful creatures as she roams Runeterra with her fairy companion Pix. Lulu shapes reality on a whim, warping the fabric of the world, and what she views as the constraints of this...",https://ddragon.leagueoflegends.com/cdn/15.13.1/img/champion/Lulu.png,https://ddragon.leagueoflegends.com/cdn/15.13.1/img/sprite/champion2.png,117,Lulu
Lux,the Lady of Luminosity,"Mage, Support",2,4,9,5,"Luxanna Crownguard hails from Demacia, an insular realm where magical abilities are viewed with fear and suspicion. Able to bend light to her will, she grew up dreading discovery and exile, and was forced to keep her power secret, in order to preserve...",https://ddragon.leagueoflegends.com/cdn/15.13.1/img/champion/Lux.png,https://ddragon.leagueoflegends.com/cdn/15.13.1/img/sprite/champion2.png,99,Lux
Malphite,Shard of the Monolith,"Tank, Mage",5,9,7,2,"A massive creature of living stone, Malphite struggles to impose blessed order on a chaotic world. Birthed as a servitor-shard to an otherworldly obelisk known as the Monolith, he used his tremendous elemental strength to maintain and protect his...",https://ddragon.leagueoflegends.com/cdn/15.13.1/img/champion/Malphite.png,https://ddragon.leagueoflegends.com/cdn/15.13.1/img/sprite/champion2.png,54,Malphite
Malzahar,the Prophet of the Void,Mage,2,2,9,6,"A zealous seer dedicated to the unification of all life, Malzahar truly believes the newly emergent Void to be the path to Runeterra's salvation. In the desert wastes of Shurima, he followed the voices that whispered in his mind, all the way to ancient...",https://ddragon.leagueoflegends.com/cdn/15.13.1/img/champion/Malzahar.png,https://ddragon.leagueoflegends.com/cdn/15.13.1/img/sprite/champion2.png,90,Malzahar
Maokai,the Twisted Treant,"Tank, Support",3,8,6,3,"Maokai is a rageful, towering treant who fights the unnatural horrors of the Shadow Isles. He was twisted into a force of vengeance after a magical cataclysm destroyed his home, surviving undeath only through the Waters of Life infused within his...",https://ddragon.leagueoflegends.com/cdn/15.13.1/img/champion/Maokai.png,https://ddragon.leagueoflegends.com/cdn/15.13.1/img/sprite/champion2.png,57,Maokai
Master Yi,the Wuju Bladesman,"Assassin, Fighter",10,4,2,4,"Master Yi has tempered his body and sharpened his mind, so that thought and action have become almost as one. Though he chooses to enter into violence only as a last resort, the grace and speed of his blade ensures resolution is always swift. As one of...",https://ddragon.leagueoflegends.com/cdn/15.13.1/img/champion/MasterYi.png,https://ddragon.leagueoflegends.com/cdn/15.13.1/img/sprite/champion2.png,11,MasterYi
Mel,the Soul's Reflection,"Mage, Support",2,4,9,5,"Mel Medarda is the presumed heir of the Medarda family, once one of the most powerful in Noxus. In appearance she is a graceful aristocrat, but beneath the surface lies a skilled politician who makes it her business to know everything about everyone she...",https://ddragon.leagueoflegends.com/cdn/15.13.1/img/champion/Mel.png,https://ddragon.leagueoflegends.com/cdn/15.13.1/img/sprite/champion2.png,800,Mel
Milio,The Gentle Flame,"Support, Mage",2,4,8,5,"Milio is a warmhearted boy from Ixtal who has, despite his young age, mastered the fire axiom and discovered something new: soothing fire. With this newfound power, Milio plans to help his family escape their exile by joining the Yun Tal—just like his...",https://ddragon.leagueoflegends.com/cdn/15.13.1/img/champion/Milio.png,https://ddragon.leagueoflegends.com/cdn/15.13.1/img/sprite/champion2.png,902,Milio
Miss Fortune,the Bounty Hunter,"Marksman, Mage",8,2,5,1,"A Bilgewater captain famed for her looks but feared for her ruthlessness, Sarah Fortune paints a stark figure among the hardened criminals of the port city. As a child, she witnessed the reaver king Gangplank murder her family—an act she brutally...",https://ddragon.leagueoflegends.com/cdn/15.13.1/img/champion/MissFortune.png,https://ddragon.leagueoflegends.com/cdn/15.13.1/img/sprite/champion2.png,21,MissFortune
Mordekaiser,the Iron Revenant,"Fighter, Mage",4,6,7,4,"Twice slain and thrice born, Mordekaiser is a brutal warlord from a foregone epoch who uses his necromantic sorcery to bind souls into an eternity of servitude. Few now remain who remember his earlier conquests, or know the true extent of his powers—but...",https://ddragon.leagueoflegends.com/cdn/15.13.1/img/champion/Mordekaiser.png,https://ddragon.leagueoflegends.com/cdn/15.13.1/img/sprite/champion2.png,82,Mordekaiser
Morgana,the Fallen,"Mage, Support",1,6,8,1,"Conflicted between her celestial and mortal natures, Morgana bound her wings to embrace humanity, and inflicts her pain and bitterness upon the dishonest and the corrupt. She rejects laws and traditions she believes are unjust, and fights for truth from...",https://ddragon.leagueoflegends.com/cdn/15.13.1/img/champion/Morgana.png,https://ddragon.leagueoflegends.com/cdn/15.13.1/img/sprite/champion2.png,25,Morgana
Naafiri,the Hound of a Hundred Bites,"Assassin, Fighter",9,5,0,2,"Across the sands of Shurima, a chorus of howls rings out. It is the call of the dune hounds, voracious predators who form packs and compete for the right to hunt in these barren lands. Among them, one pack stands above all, for they are driven not only...",https://ddragon.leagueoflegends.com/cdn/15.13.1/img/champion/Naafiri.png,https://ddragon.leagueoflegends.com/cdn/15.13.1/img/sprite/champion2.png,950,Naafiri
Nami,the Tidecaller,"Support, Mage",4,3,7,5,"A headstrong young vastaya of the seas, Nami was the first of the Marai tribe to leave the waves and venture onto dry land, when their ancient accord with the Targonians was broken. With no other option, she took it upon herself to complete the sacred...",https://ddragon.leagueoflegends.com/cdn/15.13.1/img/champion/Nami.png,https://ddragon.leagueoflegends.com/cdn/15.13.1/img/sprite/champion2.png,267,Nami
Nasus,the Curator of the Sands,"Fighter, Tank",7,5,6,6,"Nasus is an imposing, jackal-headed Ascended being from ancient Shurima, a heroic figure regarded as a demigod by the people of the desert. Fiercely intelligent, he was a guardian of knowledge and peerless strategist whose wisdom guided the ancient...",https://ddragon.leagueoflegends.com/cdn/15.13.1/img/champion/Nasus.png,https://ddragon.leagueoflegends.com/cdn/15.13.1/img/sprite/champion2.png,75,Nasus
Nautilus,the Titan of the Depths,"Tank, Support",4,6,6,6,"A lonely legend as old as the first piers sunk in Bilgewater, the armored goliath known as Nautilus roams the dark waters off the coast of the Blue Flame Isles. Driven by a forgotten betrayal, he strikes without warning, swinging his enormous anchor to...",https://ddragon.leagueoflegends.com/cdn/15.13.1/img/champion/Nautilus.png,https://ddragon.leagueoflegends.com/cdn/15.13.1/img/sprite/champion3.png,111,Nautilus
Neeko,the Curious Chameleon,"Mage, Support",1,1,9,5,"Hailing from a long lost tribe of vastaya, Neeko can blend into any crowd by borrowing the appearances of others, even absorbing something of their emotional state to tell friend from foe in an instant. No one is ever sure where—or who—Neeko might be...",https://ddragon.leagueoflegends.com/cdn/15.13.1/img/champion/Neeko.png,https://ddragon.leagueoflegends.com/cdn/15.13.1/img/sprite/champion3.png,518,Neeko
Nidalee,the Bestial Huntress,"Assassin, Mage",5,4,7,8,"Raised in the deepest jungle, Nidalee is a master tracker who can shapeshift into a ferocious cougar at will. Neither wholly woman nor beast, she viciously defends her territory from any and all trespassers, with carefully placed traps and deft spear...",https://ddragon.leagueoflegends.com/cdn/15.13.1/img/champion/Nidalee.png,https://ddragon.leagueoflegends.com/cdn/15.13.1/img/sprite/champion3.png,76,Nidalee
Nilah,the Joy Unbound,"Fighter, Assassin",8,4,4,10,"Nilah is an ascetic warrior from a distant land, seeking the world's deadliest, most titanic opponents so that she might challenge and destroy them. Having won her power through an encounter with the long-imprisoned demon of joy, she has no emotions...",https://ddragon.leagueoflegends.com/cdn/15.13.1/img/champion/Nilah.png,https://ddragon.leagueoflegends.com/cdn/15.13.1/img/sprite/champion3.png,895,Nilah
Nocturne,the Eternal Nightmare,"Fighter, Assassin",9,5,2,4,"A demonic amalgamation drawn from the nightmares that haunt every sentient mind, the thing known as Nocturne has become a primordial force of pure evil. It is liquidly chaotic in aspect, a faceless shadow with cold eyes and armed with wicked-looking...",https://ddragon.leagueoflegends.com/cdn/15.13.1/img/champion/Nocturne.png,https://ddragon.leagueoflegends.com/cdn/15.13.1/img/sprite/champion3.png,56,Nocturne
Nunu & Willump,the Boy and His Yeti,"Tank, Mage",4,6,7,4,"Once upon a time, there was a boy who wanted to prove he was a hero by slaying a fearsome monster—only to discover that the beast, a lonely and magical yeti, merely needed a friend. Bound together by ancient power and a shared love of snowballs, Nunu...",https://ddragon.leagueoflegends.com/cdn/15.13.1/img/champion/Nunu.png,https://ddragon.leagueoflegends.com/cdn/15.13.1/img/sprite/champion3.png,20,Nunu
Olaf,the Berserker,"Fighter, Tank",9,5,3,3,"An unstoppable force of destruction, the axe-wielding Olaf wants nothing but to die in glorious combat. Hailing from the brutal Freljordian peninsula of Lokfar, he once received a prophecy foretelling his peaceful passing—a coward's fate, and a great...",https://ddragon.leagueoflegends.com/cdn/15.13.1/img/champion/Olaf.png,https://ddragon.leagueoflegends.com/cdn/15.13.1/img/sprite/champion3.png,2,Olaf
Orianna,the Lady of Clockwork,"Mage, Support",4,3,9,7,"Once a curious girl of flesh and blood, Orianna is now a technological marvel comprised entirely of clockwork. She became gravely ill after an accident in the lower districts of Zaun, and her failing body had to be replaced with exquisite artifice...",https://ddragon.leagueoflegends.com/cdn/15.13.1/img/champion/Orianna.png,https://ddragon.leagueoflegends.com/cdn/15.13.1/img/sprite/champion3.png,61,Orianna
Ornn,The Fire below the Mountain,Tank,5,9,3,5,"Ornn is the Freljordian spirit of forging and craftsmanship. He works in the solitude of a massive smithy, hammered out from the lava caverns beneath the volcano Hearth-Home. There he stokes bubbling cauldrons of molten rock to purify ores and fashion...",https://ddragon.leagueoflegends.com/cdn/15.13.1/img/champion/Ornn.png,https://ddragon.leagueoflegends.com/cdn/15.13.1/img/sprite/champion3.png,516,Ornn
Pantheon,the Unbreakable Spear,"Fighter, Assassin",9,4,3,4,"Once an unwilling host to the Aspect of War, Atreus survived when the celestial power within him was slain, refusing to succumb to a blow that tore stars from the heavens. In time, he learned to embrace the power of his own mortality, and the stubborn...",https://ddragon.leagueoflegends.com/cdn/15.13.1/img/champion/Pantheon.png,https://ddragon.leagueoflegends.com/cdn/15.13.1/img/sprite/champion3.png,80,Pantheon
Poppy,Keeper of the Hammer,"Tank, Fighter",6,7,2,6,"Runeterra has no shortage of valiant champions, but few are as tenacious as Poppy. Bearing the legendary hammer of Orlon, a weapon twice her size, this determined yordle has spent untold years searching in secret for the fabled “Hero of Demacia,” said...",https://ddragon.leagueoflegends.com/cdn/15.13.1/img/champion/Poppy.png,https://ddragon.leagueoflegends.com/cdn/15.13.1/img/sprite/champion3.png,78,Poppy
Pyke,the Bloodharbor Ripper,"Support, Assassin",9,3,1,7,"A renowned harpooner from the slaughter docks of Bilgewater, Pyke should have met his death in the belly of a gigantic jaull-fish… and yet, he returned. Now, stalking the dank alleys and backways of his former hometown, he uses his new supernatural...",https://ddragon.leagueoflegends.com/cdn/15.13.1/img/champion/Pyke.png,https://ddragon.leagueoflegends.com/cdn/15.13.1/img/sprite/champion3.png,555,Pyke
Qiyana,Empress of the Elements,Assassin,0,2,4,8,"In the jungle city of Ixaocan, Qiyana plots her own ruthless path to the high seat of the Yun Tal. Last in line to succeed her parents, she faces those who stand in her way with brash confidence and unprecedented mastery over elemental magic. With the...",https://ddragon.leagueoflegends.com/cdn/15.13.1/img/champion/Qiyana.png,https://ddragon.leagueoflegends.com/cdn/15.13.1/img/sprite/champion3.png,246,Qiyana
Quinn,Demacia's Wings,"Marksman, Assassin",9,4,2,5,"Quinn is an elite ranger-knight of Demacia, who undertakes dangerous missions deep in enemy territory. She and her legendary eagle, Valor, share an unbreakable bond, and their foes are often slain before they realize they are fighting not one, but two...",https://ddragon.leagueoflegends.com/cdn/15.13.1/img/champion/Quinn.png,https://ddragon.leagueoflegends.com/cdn/15.13.1/img/sprite/champion3.png,133,Quinn
Rakan,The Charmer,Support,2,4,8,5,"As mercurial as he is charming, Rakan is an infamous vastayan troublemaker and the greatest battle-dancer in Lhotlan tribal history. To the humans of the Ionian highlands, his name has long been synonymous with wild festivals, uncontrollable parties...",https://ddragon.leagueoflegends.com/cdn/15.13.1/img/champion/Rakan.png,https://ddragon.leagueoflegends.com/cdn/15.13.1/img/sprite/champion3.png,497,Rakan
Rammus,the Armordillo,Tank,4,10,5,5,"Idolized by many, dismissed by some, mystifying to all, the curious being Rammus is an enigma. Protected by a spiked shell, he inspires increasingly disparate theories on his origin wherever he goes—from demigod, to sacred oracle, to a mere beast...",https://ddragon.leagueoflegends.com/cdn/15.13.1/img/champion/Rammus.png,https://ddragon.leagueoflegends.com/cdn/15.13.1/img/sprite/champion3.png,33,Rammus
Rek'Sai,the Void Burrower,"Fighter, Tank",8,5,2,3,"An apex predator, Rek'Sai is a merciless Void-spawn that tunnels beneath the ground to ambush and devour unsuspecting prey. Her insatiable hunger has laid waste to entire regions of the once-great empire of Shurima—merchants, traders, even armed...",https://ddragon.leagueoflegends.com/cdn/15.13.1/img/champion/RekSai.png,https://ddragon.leagueoflegends.com/cdn/15.13.1/img/sprite/champion3.png,421,RekSai
Rell,the Iron Maiden,"Tank, Support",0,0,0,0,"The product of brutal experimentation at the hands of the Black Rose, Rell is a defiant, living weapon determined to topple Noxus. Her childhood was one of misery and horror, enduring unspeakable procedures to perfect and weaponize her magical control...",https://ddragon.leagueoflegends.com/cdn/15.13.1/img/champion/Rell.png,https://ddragon.leagueoflegends.com/cdn/15.13.1/img/sprite/champion3.png,526,Rell
Renata Glasc,the Chem-Baroness,"Support, Mage",2,6,9,8,"Renata Glasc rose from the ashes of her childhood home with nothing but her name and her parents' alchemical research. In the decades since, she has become Zaun's wealthiest chem-baron, a business magnate who built her power by tying everyone's...",https://ddragon.leagueoflegends.com/cdn/15.13.1/img/champion/Renata.png,https://ddragon.leagueoflegends.com/cdn/15.13.1/img/sprite/champion3.png,888,Renata
Renekton,the Butcher of the Sands,"Fighter, Tank",8,5,2,3,"Renekton is a terrifying, rage-fueled Ascended being from the scorched deserts of Shurima. Once, he was his empire's most esteemed warrior, leading the nation's armies to countless victories. However, after the empire's fall, Renekton was entombed...",https://ddragon.leagueoflegends.com/cdn/15.13.1/img/champion/Renekton.png,https://ddragon.leagueoflegends.com/cdn/15.13.1/img/sprite/champion3.png,58,Renekton
Rengar,the Pridestalker,"Assassin, Fighter",7,4,2,8,"Rengar is a ferocious vastayan trophy hunter who lives for the thrill of tracking down and killing dangerous creatures. He scours the world for the most fearsome beasts he can find, especially seeking any trace of Kha'Zix, the void creature who...",https://ddragon.leagueoflegends.com/cdn/15.13.1/img/champion/Rengar.png,https://ddragon.leagueoflegends.com/cdn/15.13.1/img/sprite/champion3.png,107,Rengar
Riven,the Exile,"Fighter, Assassin",8,5,1,8,"Once a swordmaster in the warhosts of Noxus, Riven is an expatriate in a land she previously tried to conquer. She rose through the ranks on the strength of her conviction and brutal efficiency, and was rewarded with a legendary runic blade and a...",https://ddragon.leagueoflegends.com/cdn/15.13.1/img/champion/Riven.png,https://ddragon.leagueoflegends.com/cdn/15.13.1/img/sprite/champion3.png,92,Riven
Rumble,the Mechanized Menace,"Fighter, Mage",3,6,8,10,"Rumble is a young inventor with a temper. Using nothing more than his own two hands and a heap of scrap, the feisty yordle constructed a colossal mech suit outfitted with an arsenal of electrified harpoons and incendiary rockets. Though others may scoff...",https://ddragon.leagueoflegends.com/cdn/15.13.1/img/champion/Rumble.png,https://ddragon.leagueoflegends.com/cdn/15.13.1/img/sprite/champion3.png,68,Rumble
Ryze,the Rune Mage,Mage,2,2,10,7,"Widely considered one of the most adept sorcerers on Runeterra, Ryze is an ancient, hard-bitten archmage with an impossibly heavy burden to bear. Armed with immense arcane power and a boundless constitution, he tirelessly hunts for World Runes—fragments...",https://ddragon.leagueoflegends.com/cdn/15.13.1/img/champion/Ryze.png,https://ddragon.leagueoflegends.com/cdn/15.13.1/img/sprite/champion3.png,13,Ryze
Samira,the Desert Rose,"Marksman, Assassin",8,5,3,6,"Samira stares death in the eye with unyielding confidence, seeking thrill wherever she goes. After her Shuriman home was destroyed as a child, Samira found her true calling in Noxus, where she built a reputation as a stylish daredevil taking on...",https://ddragon.leagueoflegends.com/cdn/15.13.1/img/champion/Samira.png,https://ddragon.leagueoflegends.com/cdn/15.13.1/img/sprite/champion3.png,360,Samira
Sejuani,Fury of the North,Tank,5,7,6,4,"Sejuani is the brutal, unforgiving Iceborn warmother of the Winter's Claw, one of the most feared tribes of the Freljord. Her people's survival is a constant, desperate battle against the elements, forcing them to raid Noxians, Demacians, and Avarosans...",https://ddragon.leagueoflegends.com/cdn/15.13.1/img/champion/Sejuani.png,https://ddragon.leagueoflegends.com/cdn/15.13.1/img/sprite/champion3.png,113,Sejuani
Senna,the Redeemer,"Support, Marksman",7,2,6,7,"Cursed from childhood to be haunted by the supernatural Black Mist, Senna joined a sacred order known as the Sentinels of Light, and fiercely fought back—only to be killed, her soul imprisoned in a lantern by the cruel specter Thresh. But refusing to...",https://ddragon.leagueoflegends.com/cdn/15.13.1/img/champion/Senna.png,https://ddragon.leagueoflegends.com/cdn/15.13.1/img/sprite/champion3.png,235,Senna
Seraphine,the Starry-Eyed Songstress,"Support, Mage",0,0,0,0,"Born in Piltover to Zaunite parents, Seraphine can hear the souls of others—the world sings to her, and she sings back. Though these sounds overwhelmed her in her youth, she now draws on them for inspiration, turning the chaos into a symphony. She...",https://ddragon.leagueoflegends.com/cdn/15.13.1/img/champion/Seraphine.png,https://ddragon.leagueoflegends.com/cdn/15.13.1/img/sprite/champion3.png,147,Seraphine
Sett,the Boss,"Fighter, Tank",8,5,1,2,"A leader of Ionia's growing criminal underworld, Sett rose to prominence in the wake of the war with Noxus. Though he began as a humble challenger in the fighting pits of Navori, he quickly gained notoriety for his savage strength, and his ability to...",https://ddragon.leagueoflegends.com/cdn/15.13.1/img/champion/Sett.png,https://ddragon.leagueoflegends.com/cdn/15.13.1/img/sprite/champion3.png,875,Sett
Shaco,the Demon Jester,Assassin,8,4,6,9,"Crafted long ago as a plaything for a lonely prince, the enchanted marionette Shaco now delights in murder and mayhem. Corrupted by dark magic and the loss of his beloved charge, the once-kind puppet finds pleasure only in the misery of the poor souls...",https://ddragon.leagueoflegends.com/cdn/15.13.1/img/champion/Shaco.png,https://ddragon.leagueoflegends.com/cdn/15.13.1/img/sprite/champion3.png,35,Shaco
Shen,the Eye of Twilight,Tank,3,9,3,4,"Among the secretive, Ionian warriors known as the Kinkou, Shen serves as their leader, the Eye of Twilight. He longs to remain free from the confusion of emotion, prejudice, and ego, and walks the unseen path of dispassionate judgment between the spirit...",https://ddragon.leagueoflegends.com/cdn/15.13.1/img/champion/Shen.png,https://ddragon.leagueoflegends.com/cdn/15.13.1/img/sprite/champion4.png,98,Shen
Shyvana,the Half-Dragon,"Fighter, Mage",8,6,3,4,"Shyvana is a creature with the magic of a rune shard burning within her heart. Though she often appears humanoid, she can take her true form as a fearsome dragon, incinerating her foes with fiery breath. Having saved the life of the crown prince Jarvan...",https://ddragon.leagueoflegends.com/cdn/15.13.1/img/champion/Shyvana.png,https://ddragon.leagueoflegends.com/cdn/15.13.1/img/sprite/champion4.png,102,Shyvana
Singed,the Mad Chemist,"Tank, Mage",4,8,7,5,"Singed is a brilliant alchemist of dubious morality, whose experiments would turn the stomach of even the most cutthroat criminal. Selling his skills to the highest bidder, he cares little for how his noxious concoctions are used, with the ensuing chaos...",https://ddragon.leagueoflegends.com/cdn/15.13.1/img/champion/Singed.png,https://ddragon.leagueoflegends.com/cdn/15.13.1/img/sprite/champion4.png,27,Singed
Sion,The Undead Juggernaut,"Tank, Fighter",5,9,3,5,"A war hero from a bygone era, Sion was revered in Noxus for choking the life out of a Demacian king with his bare hands—but, denied oblivion, he was resurrected to serve his empire even in death. His indiscriminate slaughter claimed all who stood in his...",https://ddragon.leagueoflegends.com/cdn/15.13.1/img/champion/Sion.png,https://ddragon.leagueoflegends.com/cdn/15.13.1/img/sprite/champion4.png,14,Sion
Sivir,the Battle Mistress,Marksman,9,3,1,4,"Sivir is a renowned fortune hunter and mercenary captain who plies her trade in the deserts of Shurima. Armed with her legendary jeweled crossblade, she has fought and won countless battles for those who can afford her exorbitant price. Known for her...",https://ddragon.leagueoflegends.com/cdn/15.13.1/img/champion/Sivir.png,https://ddragon.leagueoflegends.com/cdn/15.13.1/img/sprite/champion4.png,15,Sivir
Skarner,the Primordial Sovereign,"Tank, Fighter",7,8,5,5,"The ancient, colossal brackern Skarner is revered in Ixtal as one of the founding members of its ruling caste, the Yun Tal. Devoted to keeping his nation safe from the rest of the world, Skarner dwells in a chamber beneath Ixaocan where he can hear the...",https://ddragon.leagueoflegends.com/cdn/15.13.1/img/champion/Skarner.png,https://ddragon.leagueoflegends.com/cdn/15.13.1/img/sprite/champion4.png,72,Skarner
Smolder,the Fiery Fledgling,"Marksman, Mage",8,2,5,6,"Hidden amongst the craggy cliffs of the Noxian frontier, under the watchful eyes of his mother, a young dragon is learning what it means to be heir to the Camavoran imperial dragon lineage. Playful and eager to grow up, Smolder looks for any excuse to...",https://ddragon.leagueoflegends.com/cdn/15.13.1/img/champion/Smolder.png,https://ddragon.leagueoflegends.com/cdn/15.13.1/img/sprite/champion4.png,901,Smolder
Sona,Maven of the Strings,"Support, Mage",5,2,8,4,"Sona is Demacia's foremost virtuoso of the stringed etwahl, speaking only through her graceful chords and vibrant arias. This genteel manner has endeared her to the highborn, though others suspect her spellbinding melodies to actually emanate magic—a...",https://ddragon.leagueoflegends.com/cdn/15.13.1/img/champion/Sona.png,https://ddragon.leagueoflegends.com/cdn/15.13.1/img/sprite/champion4.png,37,Sona
Soraka,the Starchild,"Support, Mage",2,5,7,3,"A wanderer from the celestial dimensions beyond Mount Targon, Soraka gave up her immortality to protect the mortal races from their own more violent instincts. She endeavors to spread the virtues of compassion and mercy to everyone she meets—even...",https://ddragon.leagueoflegends.com/cdn/15.13.1/img/champion/Soraka.png,https://ddragon.leagueoflegends.com/cdn/15.13.1/img/sprite/champion4.png,16,Soraka
Swain,the Noxian Grand General,"Mage, Support",2,6,9,8,"Jericho Swain is the visionary ruler of Noxus, an expansionist nation that reveres only strength. Though he was cast down and crippled in the Ionian wars, his left arm severed, he seized control of the empire with ruthless determination… and a new...",https://ddragon.leagueoflegends.com/cdn/15.13.1/img/champion/Swain.png,https://ddragon.leagueoflegends.com/cdn/15.13.1/img/sprite/champion4.png,50,Swain
Sylas,the Unshackled,"Mage, Assassin",3,4,8,5,"Raised in one of Demacia's lesser quarters, Sylas of Dregbourne has come to symbolize the darker side of the Great City. As a boy, his ability to root out hidden sorcery caught the attention of the notorious mageseekers, who eventually imprisoned him...",https://ddragon.leagueoflegends.com/cdn/15.13.1/img/champion/Sylas.png,https://ddragon.leagueoflegends.com/cdn/15.13.1/img/sprite/champion4.png,517,Sylas
Syndra,the Dark Sovereign,Mage,2,3,9,8,"Syndra is a fearsome Ionian mage with incredible power at her command. As a child, she disturbed the village elders with her reckless and wild magic. She was sent away to be taught greater control, but eventually discovered her supposed mentor was...",https://ddragon.leagueoflegends.com/cdn/15.13.1/img/champion/Syndra.png,https://ddragon.leagueoflegends.com/cdn/15.13.1/img/sprite/champion4.png,134,Syndra
Tahm Kench,The River King,"Tank, Support",3,9,6,5,"Known by many names throughout history, the demon Tahm Kench travels the waterways of Runeterra, feeding his insatiable appetite with the misery of others. Though he may appear singularly charming and proud, he swaggers through the physical realm like a...",https://ddragon.leagueoflegends.com/cdn/15.13.1/img/champion/TahmKench.png,https://ddragon.leagueoflegends.com/cdn/15.13.1/img/sprite/champion4.png,223,TahmKench
Taliyah,the Stoneweaver,"Mage, Support",1,7,8,5,"Taliyah is a nomadic mage from Shurima, torn between teenage wonder and adult responsibility. She has crossed nearly all of Valoran on a journey to learn the true nature of her growing powers, though more recently she has returned to protect her tribe...",https://ddragon.leagueoflegends.com/cdn/15.13.1/img/champion/Taliyah.png,https://ddragon.leagueoflegends.com/cdn/15.13.1/img/sprite/champion4.png,163,Taliyah
Talon,the Blade's Shadow,Assassin,9,3,1,7,"Talon is the knife in the darkness, a merciless killer able to strike without warning and escape before any alarm is raised. He carved out a dangerous reputation on the brutal streets of Noxus, where he was forced to fight, kill, and steal to survive...",https://ddragon.leagueoflegends.com/cdn/15.13.1/img/champion/Talon.png,https://ddragon.leagueoflegends.com/cdn/15.13.1/img/sprite/champion4.png,91,Talon
Taric,the Shield of Valoran,"Support, Tank",4,8,5,3,"Taric is the Aspect of the Protector, wielding incredible power as Runeterra's guardian of life, love, and beauty. Shamed by a dereliction of duty and exiled from his homeland Demacia, Taric ascended Mount Targon to find redemption, only to discover a...",https://ddragon.leagueoflegends.com/cdn/15.13.1/img/champion/Taric.png,https://ddragon.leagueoflegends.com/cdn/15.13.1/img/sprite/champion4.png,44,Taric
Teemo,the Swift Scout,"Marksman, Mage",5,3,7,6,"Undeterred by even the most dangerous and threatening of obstacles, Teemo scouts the world with boundless enthusiasm and a cheerful spirit. A yordle with an unwavering sense of morality, he takes pride in following the Bandle Scout's Code, sometimes...",https://ddragon.leagueoflegends.com/cdn/15.13.1/img/champion/Teemo.png,https://ddragon.leagueoflegends.com/cdn/15.13.1/img/sprite/champion4.png,17,Teemo
Thresh,the Chain Warden,"Support, Tank",5,6,6,7,"Sadistic and cunning, Thresh is an ambitious and restless specter of the Shadow Isles. Once the custodian of countless arcane secrets, he was undone by a power greater than life or death, and now sustains himself by tormenting and breaking others with...",https://ddragon.leagueoflegends.com/cdn/15.13.1/img/champion/Thresh.png,https://ddragon.leagueoflegends.com/cdn/15.13.1/img/sprite/champion4.png,412,Thresh
Tristana,the Yordle Gunner,"Marksman, Assassin",9,3,5,4,"While many other yordles channel their energy into discovery, invention, or just plain mischief-making, Tristana was always inspired by the adventures of great warriors. She had heard much about Runeterra, its factions, and its wars, and believed her...",https://ddragon.leagueoflegends.com/cdn/15.13.1/img/champion/Tristana.png,https://ddragon.leagueoflegends.com/cdn/15.13.1/img/sprite/champion4.png,18,Tristana
Trundle,the Troll King,"Fighter, Tank",7,6,2,5,"Trundle is a hulking and devious troll with a particularly vicious streak, and there is nothing he cannot bludgeon into submission—not even the Freljord itself. Fiercely territorial, he chases down anyone foolish enough to enter his domain. Then, his...",https://ddragon.leagueoflegends.com/cdn/15.13.1/img/champion/Trundle.png,https://ddragon.leagueoflegends.com/cdn/15.13.1/img/sprite/champion4.png,48,Trundle
Tryndamere,the Barbarian King,"Fighter, Assassin",10,5,2,5,"Fueled by unbridled fury and rage, Tryndamere once carved his way through the Freljord, openly challenging the greatest warriors of the north to prepare himself for even darker days ahead. The wrathful barbarian has long sought revenge for the...",https://ddragon.leagueoflegends.com/cdn/15.13.1/img/champion/Tryndamere.png,https://ddragon.leagueoflegends.com/cdn/15.13.1/img/sprite/champion4.png,23,Tryndamere
Twisted Fate,the Card Master,"Mage, Marksman",6,2,6,9,"Twisted Fate is an infamous cardsharp and swindler who has gambled and charmed his way across much of the known world, earning the enmity and admiration of the rich and foolish alike. He rarely takes things seriously, greeting each day with a mocking...",https://ddragon.leagueoflegends.com/cdn/15.13.1/img/champion/TwistedFate.png,https://ddragon.leagueoflegends.com/cdn/15.13.1/img/sprite/champion4.png,4,TwistedFate
Twitch,the Plague Rat,"Marksman, Assassin",9,2,3,6,"A Zaunite plague rat by birth, but a connoisseur of filth by passion, Twitch is not afraid to get his paws dirty. Aiming a chem-powered crossbow at the gilded heart of Piltover, he has vowed to show those in the city above just how filthy they really...",https://ddragon.leagueoflegends.com/cdn/15.13.1/img/champion/Twitch.png,https://ddragon.leagueoflegends.com/cdn/15.13.1/img/sprite/champion4.png,29,Twitch
Udyr,the Spirit Walker,"Fighter, Tank",8,7,4,7,"The most powerful spirit walker alive, Udyr communes with all the spirits of the Freljord, whether by empathically understanding their needs, or by channeling and transforming their ethereal energy into his own primal fighting style. He seeks balance...",https://ddragon.leagueoflegends.com/cdn/15.13.1/img/champion/Udyr.png,https://ddragon.leagueoflegends.com/cdn/15.13.1/img/sprite/champion4.png,77,Udyr
Urgot,the Dreadnought,"Fighter, Tank",8,5,3,8,"Once a powerful Noxian headsman, Urgot was betrayed by the empire for which he had killed so many. Bound in iron chains, he was forced to learn the true meaning of strength in the Dredge—a prison mine deep beneath Zaun. Emerging in a disaster that...",https://ddragon.leagueoflegends.com/cdn/15.13.1/img/champion/Urgot.png,https://ddragon.leagueoflegends.com/cdn/15.13.1/img/sprite/champion4.png,6,Urgot
Varus,the Arrow of Retribution,"Marksman, Mage",7,3,4,2,"One of the ancient darkin, Varus was a deadly killer who loved to torment his foes, driving them almost to insanity before delivering the killing arrow. He was imprisoned at the end of the Great Darkin War, but escaped centuries later in the remade...",https://ddragon.leagueoflegends.com/cdn/15.13.1/img/champion/Varus.png,https://ddragon.leagueoflegends.com/cdn/15.13.1/img/sprite/champion4.png,110,Varus
Vayne,the Night Hunter,"Marksman, Assassin",10,1,1,8,"Shauna Vayne is a deadly, remorseless Demacian monster hunter, who has dedicated her life to finding and destroying the demon that murdered her family. Armed with a wrist-mounted crossbow and a heart full of vengeance, she is only truly happy when...",https://ddragon.leagueoflegends.com/cdn/15.13.1/img/champion/Vayne.png,https://ddragon.leagueoflegends.com/cdn/15.13.1/img/sprite/champion4.png,67,Vayne
Veigar,the Tiny Master of Evil,Mage,2,2,10,7,"An enthusiastic master of dark sorcery, Veigar has embraced powers that few mortals dare approach. As a free-spirited inhabitant of Bandle City, he longed to push beyond the limitations of yordle magic, and turned instead to arcane texts that had been...",https://ddragon.leagueoflegends.com/cdn/15.13.1/img/champion/Veigar.png,https://ddragon.leagueoflegends.com/cdn/15.13.1/img/sprite/champion4.png,45,Veigar
Vel'Koz,the Eye of the Void,"Mage, Support",2,2,10,8,"It is unclear if Vel'Koz was the first Void-spawn to emerge on Runeterra, but there has certainly never been another to match his level of cruel, calculating sentience. While his kin devour or defile everything around them, he seeks instead to...",https://ddragon.leagueoflegends.com/cdn/15.13.1/img/champion/Velkoz.png,https://ddragon.leagueoflegends.com/cdn/15.13.1/img/sprite/champion4.png,161,Velkoz
Vex,the Gloomist,Mage,0,0,0,0,"In the black heart of the Shadow Isles, a lone yordle trudges through the spectral fog, content in its murky misery. With an endless supply of teen angst and a powerful shadow in tow, Vex lives in her own self-made slice of gloom, far from the revolting...",https://ddragon.leagueoflegends.com/cdn/15.13.1/img/champion/Vex.png,https://ddragon.leagueoflegends.com/cdn/15.13.1/img/sprite/champion4.png,711,Vex
Vi,the Piltover Enforcer,"Fighter, Assassin",8,5,3,4,"Raised on the mean streets of Zaun, Vi is a hotheaded, impulsive, and fearsome woman with very little respect for authority. She has always been a shrewd survivor, both from her youthful troublemaking topside and an unfairly long stint in Stillwater...",https://ddragon.leagueoflegends.com/cdn/15.13.1/img/champion/Vi.png,https://ddragon.leagueoflegends.com/cdn/15.13.1/img/sprite/champion5.png,254,Vi
Viego,The Ruined King,"Fighter, Assassin",6,4,2,5,"Once ruler of a long-lost kingdom, Viego perished over a thousand years ago when his attempt to bring his wife back from the dead triggered the magical catastrophe known as the Ruination. Transformed into a powerful, unliving specter tortured by an...",https://ddragon.leagueoflegends.com/cdn/15.13.1/img/champion/Viego.png,https://ddragon.leagueoflegends.com/cdn/15.13.1/img/sprite/champion5.png,234,Viego
Viktor,the Herald of the Arcane,Mage,2,4,10,9,"The fully biomechanical evolution of his former self, Viktor has embraced his Glorious Evolution and become something of a messiah to his followers. He sacrificed his own humanity under the logic that eliminating emotion would thereby eliminate...",https://ddragon.leagueoflegends.com/cdn/15.13.1/img/champion/Viktor.png,https://ddragon.leagueoflegends.com/cdn/15.13.1/img/sprite/champion5.png,112,Viktor
Vladimir,the Crimson Reaper,"Mage, Fighter",2,6,8,7,"A fiend with a thirst for mortal blood, Vladimir has influenced the affairs of Noxus since the empire's earliest days. In addition to unnaturally extending his life, his mastery of hemomancy allows him to control the minds and bodies of others as easily...",https://ddragon.leagueoflegends.com/cdn/15.13.1/img/champion/Vladimir.png,https://ddragon.leagueoflegends.com/cdn/15.13.1/img/sprite/champion5.png,8,Vladimir
Volibear,the Relentless Storm,"Fighter, Tank",7,7,4,3,"To those who still revere him, the Volibear is the storm made manifest. Destructive, wild, and stubbornly resolute, he existed before mortals walked the Freljord's tundra, and is fiercely protective of the lands that he and his demi-god kin created...",https://ddragon.leagueoflegends.com/cdn/15.13.1/img/champion/Volibear.png,https://ddragon.leagueoflegends.com/cdn/15.13.1/img/sprite/champion5.png,106,Volibear
Warwick,the Uncaged Wrath of Zaun,"Fighter, Tank",9,5,3,3,"Warwick is a monster who hunts the gray alleys of Zaun. Transformed by agonizing experiments, his body is fused with an intricate system of chambers and pumps, machinery filling his veins with alchemical rage. He bursts from the shadows to prey upon...",https://ddragon.leagueoflegends.com/cdn/15.13.1/img/champion/Warwick.png,https://ddragon.leagueoflegends.com/cdn/15.13.1/img/sprite/champion5.png,19,Warwick
Wukong,the Monkey King,"Fighter, Tank",8,5,2,3,"Wukong is a vastayan trickster who uses his strength, agility, and intelligence to confuse his opponents and gain the upper hand. After finding a lifelong friend in the warrior known as Master Yi, Wukong became the last student of the ancient martial...",https://ddragon.leagueoflegends.com/cdn/15.13.1/img/champion/MonkeyKing.png,https://ddragon.leagueoflegends.com/cdn/15.13.1/img/sprite/champion2.png,62,MonkeyKing
Xayah,the Rebel,Marksman,10,6,1,5,"Deadly and precise, Xayah is a vastayan revolutionary waging a personal war to save her people. She uses her speed, guile, and razor-sharp feather blades to cut down anyone who stands in her way. Xayah fights alongside her partner and lover, Rakan, to...",https://ddragon.leagueoflegends.com/cdn/15.13.1/img/champion/Xayah.png,https://ddragon.leagueoflegends.com/cdn/15.13.1/img/sprite/champion5.png,498,Xayah
Xerath,the Magus Ascendant,"Mage, Support",1,3,10,8,"Xerath is an Ascended Magus of ancient Shurima, a being of arcane energy writhing in the broken shards of a magical sarcophagus. For millennia, he was trapped beneath the desert sands, but the rise of Shurima freed him from his ancient prison. Driven...",https://ddragon.leagueoflegends.com/cdn/15.13.1/img/champion/Xerath.png,https://ddragon.leagueoflegends.com/cdn/15.13.1/img/sprite/champion5.png,101,Xerath
Xin Zhao,the Seneschal of Demacia,"Fighter, Tank",8,6,3,2,"Xin Zhao is a resolute warrior loyal to the ruling Lightshield dynasty. Once condemned to the fighting pits of Noxus, he survived countless gladiatorial bouts, but after being freed by Demacian forces, he swore his life and allegiance to these brave...",https://ddragon.leagueoflegends.com/cdn/15.13.1/img/champion/XinZhao.png,https://ddragon.leagueoflegends.com/cdn/15.13.1/img/sprite/champion5.png,5,XinZhao
Yasuo,the Unforgiven,"Fighter, Assassin",8,4,4,10,"An Ionian of deep resolve, Yasuo is an agile swordsman who wields the air itself against his enemies. As a proud young man, he was falsely accused of murdering his master—unable to prove his innocence, he was forced to slay his own brother in self...",https://ddragon.leagueoflegends.com/cdn/15.13.1/img/champion/Yasuo.png,https://ddragon.leagueoflegends.com/cdn/15.13.1/img/sprite/champion5.png,157,Yasuo
Yone,the Unforgotten,"Fighter, Assassin",8,4,4,8,"In life, he was Yone—half-brother of Yasuo, and renowned student of his village's sword school. But upon his death at the hands of his brother, he found himself hunted by a malevolent entity of the spirit realm, and was forced to slay it with its own...",https://ddragon.leagueoflegends.com/cdn/15.13.1/img/champion/Yone.png,https://ddragon.leagueoflegends.com/cdn/15.13.1/img/sprite/champion5.png,777,Yone
Yorick,Shepherd of Souls,"Fighter, Tank",6,6,4,6,"The last survivor of a long-forgotten religious order, Yorick is both blessed and cursed with power over the dead. Trapped on the Shadow Isles, his only companions are the rotting corpses and shrieking wraiths that he gathers to him. Yorick's monstrous...",https://ddragon.leagueoflegends.com/cdn/15.13.1/img/champion/Yorick.png,https://ddragon.leagueoflegends.com/cdn/15.13.1/img/sprite/champion5.png,83,Yorick
Yuumi,the Magical Cat,"Support, Mage",5,1,8,2,"A magical cat from Bandle City, Yuumi was once the familiar of a yordle enchantress, Norra. When her master mysteriously disappeared, Yuumi became the Keeper of Norra's sentient Book of Thresholds, traveling through portals in its pages to search for...",https://ddragon.leagueoflegends.com/cdn/15.13.1/img/champion/Yuumi.png,https://ddragon.leagueoflegends.com/cdn/15.13.1/img/sprite/champion5.png,350,Yuumi
Zac,the Secret Weapon,"Tank, Fighter",3,7,7,8,"Zac is the product of a toxic spill that ran through a chemtech seam and pooled in an isolated cavern deep in Zaun's Sump. Despite such humble origins, Zac has grown from primordial ooze into a thinking being who dwells in the city's pipes, occasionally...",https://ddragon.leagueoflegends.com/cdn/15.13.1/img/champion/Zac.png,https://ddragon.leagueoflegends.com/cdn/15.13.1/img/sprite/champion5.png,154,Zac
Zed,the Master of Shadows,Assassin,9,2,1,7,"Utterly ruthless and without mercy, Zed is the leader of the Order of Shadow, an organization he created with the intent of militarizing Ionia's magical and martial traditions to drive out Noxian invaders. During the war, desperation led him to unlock...",https://ddragon.leagueoflegends.com/cdn/15.13.1/img/champion/Zed.png,https://ddragon.leagueoflegends.com/cdn/15.13.1/img/sprite/champion5.png,238,Zed
Zeri,The Spark of Zaun,Marksman,8,5,3,6,"A headstrong, spirited young woman from Zaun's working-class, Zeri channels her electric magic to charge herself and her custom-crafted gun. Her volatile power mirrors her emotions, its sparks reflecting her lightning-fast approach to life. Deeply...",https://ddragon.leagueoflegends.com/cdn/15.13.1/img/champion/Zeri.png,https://ddragon.leagueoflegends.com/cdn/15.13.1/img/sprite/champion5.png,221,Zeri
Ziggs,the Hexplosives Expert,Mage,2,4,9,4,"With a love of big bombs and short fuses, the yordle Ziggs is an explosive force of nature. As an inventor's assistant in Piltover, he was bored by his predictable life and befriended a mad, blue-haired bomber named Jinx. After a wild night on the town...",https://ddragon.leagueoflegends.com/cdn/15.13.1/img/champion/Ziggs.png,https://ddragon.leagueoflegends.com/cdn/15.13.1/img/sprite/champion5.png,115,Ziggs
Zilean,the Chronokeeper,"Support, Mage",2,5,8,6,"Once a powerful Icathian mage, Zilean became obsessed with the passage of time after witnessing his homeland's destruction by the Void. Unable to spare even a minute to grieve the catastrophic loss, he called upon ancient temporal magic to divine all...",https://ddragon.leagueoflegends.com/cdn/15.13.1/img/champion/Zilean.png,https://ddragon.leagueoflegends.com/cdn/15.13.1/img/sprite/champion5.png,26,Zilean
Zoe,the Aspect of Twilight,Mage,1,7,8,5,"As the embodiment of mischief, imagination, and change, Zoe acts as the cosmic messenger of Targon, heralding major events that reshape worlds. Her mere presence warps the arcane mathematics governing realities, sometimes causing cataclysms without...",https://ddragon.leagueoflegends.com/cdn/15.13.1/img/champion/Zoe.png,https://ddragon.leagueoflegends.com/cdn/15.13.1/img/sprite/champion5.png,142,Zoe
Zyra,Rise of the Thorns,"Mage, Support",4,3,8,7,"Born in an ancient, sorcerous catastrophe, Zyra is the wrath of nature given form—an alluring hybrid of plant and human, kindling new life with every step. She views the many mortals of Valoran as little more than prey for her seeded progeny, and thinks...",https://ddragon.leagueoflegends.com/cdn/15.13.1/img/champion/Zyra.png,https://ddragon.leagueoflegends.com/cdn/15.13.1/img/sprite/champion5.png,143,Zyra
